id;name;title;room_type;city;latitude;longitude;rating;total_votes;price
53740370;Omar do Rio: Quarto&Sala, Internet 120mbps c/ Workstation a 100m da Praia de Copacabana (NSC 1171/802);Apartamento em Copacabana;entire_home;Copacabana;-22.98003;-43.19066;4,42;24;409
912358946993851963;Qto&Sala a 100m da Praia de Copa (NSC 115/1403);Apartamento em Rio de Janeiro;entire_home;Rio de Janeiro;-22.96575;-43.17625;;0;409
15936745;Lindo Studio em Copacabana (Oportunidade);Apartamento em Copacabana;entire_home;Copacabana;-22.97259;-43.18866;4,87;197;204
913769286647548639;Copacabana, AP cheio de estilo;Apartamento em Rio de Janeiro;entire_home;Rio de Janeiro;-22.97384;-43.18938;5,0;4;285
899968467572849388;Apartamento no cora√ß√£o de Copa;Apartamento em Rio de Janeiro;entire_home;Rio de Janeiro;-22.969819709305273;-43.18468028011294;5,0;4;237
561701218008446476;Omar do Rio: Moderno Studio com vista p/ Cristo Redentor, a 160m do metr√¥ Siqueira Campos e 650 metros da Praia de Copacabana, c/ Smart TV, Internet 250mbps e workstation (SQC 143/1418);Apartamento em Copacabana;entire_home;Copacabana;-22.9663;-43.18715;4,8;20;409
51881544;Flat Alto Padr√£o Servi√ßos Garagem Melhor Local RJ;Quarto de hotel em Rio de Janeiro;entire_home;Rio de Janeiro;-22.98822;-43.18999;4,82;55;329
859426740222350409;Ap √† beira-mar com vista espetacular na Barra -Rio;Apartamento em Rio de Janeiro;entire_home;Rio de Janeiro;-23.010832003825485;-43.32957914417316;5,0;9;504
607056662694630681;Apartamento aconchegante com sacada;Apartamento em Copacabana;entire_home;Copacabana;-22.9639;-43.17884;5,0;19;353
3919056;C√©u de Copacabana;Apartamento em Rio de Janeiro;entire_home;Rio de Janeiro;-22.975709915161133;-43.19119644165039;4,57;47;278
2781643;Copacabana - I apartamento quarto.;Condom√≠nio em Rio;entire_home;Rio;-22.96859;-43.18668;4,79;61;410
654500318086424794;Pal√°cio de Ipanema_506I_ ar, Wi-Fi, piscina, academia, vaga;Apartamento em Ipanema;entire_home;Ipanema;-22.98428;-43.20087;5,0;11;406
810902455846014050;Omar do Rio: Studio Moderno a 100m da Praia de Copacabana e 350m do Metr√¥ Siqueira Campos, c/ Internet 500mbps e Workstation (SQC 18/409);Apartamento em Rio de Janeiro;entire_home;Rio de Janeiro;-22.970371483360818;-43.18476773766915;4,71;7;409
54247222;Flat Ipanema com arruma√ß√£o, garagem a100m da praia;Quarto de hotel em Ipanema;entire_home;Ipanema;-22.98446;-43.19484;4,76;33;303
681201747483547299;Ipanema _203_Vp4_200 m praia-Wifi-Ar-Reformado;Apartamento em Rio de Janeiro;entire_home;Rio de Janeiro;-22.9845511;-43.1953342;4,87;15;354
27006766;BR90 ¬∑ Renovated and silent apartment in Copacabana;Apartamento em Copacabana;entire_home;Copacabana;-22.963516;-43.178112;4,96;51;292
2996069;Apartamento super charmoso no Baixo G√°vea.;Apartamento em Rio de Janeiro;entire_home;Rio de Janeiro;-22.9754;-43.22913;4,99;100;382
30850149;Loft Design Copacabana (ao lado do metr√¥);Apartamento em Copacabana;entire_home;Copacabana;-22.96408;-43.18051;4,84;56;294
53546743;Flat de Luxo na praia da Barra - Posto 4;Condom√≠nio em Barra da Tijuca;entire_home;Barra da Tijuca;-23.00985;-43.32742;4,97;39;507
648423775513367998;Ap√™ com su√≠te, moderno, 300 m da praia e do metr√¥;Apartamento em Copacabana;entire_home;Copacabana;-22.976458203914568;-43.19125040740967;4,94;33;360
779880268768506427;Apartamento aconchegante no Leme 200 m. da praia;Apartamento em Rio de Janeiro;entire_home;Rio de Janeiro;-22.96517;-43.17145;5,0;28;295
52422786;Omar do Rio: Piscina, Internet 250mbps, Smart TV + Workstation, Garagem, a 210m do Metr√¥ Cantagalo e a 400m da Praia de Copacabana (DU 370/801);Apartamento em Copacabana;entire_home;Copacabana;-22.97877;-43.19231;4,42;33;453
13826873;The Life in Copa (4 min da praia de Copacabana);Apartamento em Rio de Janeiro;entire_home;Rio de Janeiro;-22.96858;-43.18416;5,0;43;397
43796223;Omar do Rio: Quadra da Praia de Ipanema c/ Garagem a 08 minutos do metr√¥, Smart TV + Internet 240mbps (PM 1441/206);Apartamento em Rio de Janeiro;entire_home;Rio de Janeiro;-22.9843;-43.21141;4,77;44;526
600884195760619334;Lindo apartamento studio - praia Leme/Copacabana;Condom√≠nio em Leme;entire_home;Leme;-22.96157;-43.17079;4,84;56;218
45557364;Conforto e praticidade na praia de Copacabana;Apartamento em Copacabana;entire_home;Copacabana;-22.973003;-43.186829;4,94;67;348
26122174;Botafogo apart com vista;Apartamento em Botafogo;entire_home;Botafogo;-22.95046;-43.19074;4,92;36;250
54305987;Apto aconchegante em frente a Praia da Barra;Apartamento em Barra da Tijuca;entire_home;Barra da Tijuca;-23.009881630705248;-43.32857645908032;5,0;21;450
828220209468941974;Studio nov√≠ssimo 2023;Apartamento em Rio de Janeiro;entire_home;Rio de Janeiro;-22.966066547727877;-43.18048374964757;4,94;16;242
761598785262662201;Apartamento novinho no Flamengo;Apartamento em Rio de Janeiro;entire_home;Rio de Janeiro;-22.9279365;-43.1748689;4,89;9;261
784995771928213920;Apto 1Q, varanda e vista do mar;Apartamento em Rio de Janeiro;entire_home;Rio de Janeiro;-22.9639109;-43.1776036;5,0;9;236
923894305570094571;Aconchego no cora√ß√£o do Rio;Apartamento em Rio de Janeiro;entire_home;Rio de Janeiro;-22.92905;-43.17628;;0;272
13927056;Copacabana - The Little Princess Of The Sea;Apartamento em Rio de Janeiro;entire_home;Rio de Janeiro;-22.96244;-43.17576;4,94;48;197
4899215;Temporada Copacabana;Apartamento em Rio de Janeiro;entire_home;Rio de Janeiro;-22.964636219787987;-43.17402304749883;4,88;82;167
770121302093882538;Apartamento moderno completo;Apartamento em Rio de Janeiro;entire_home;Rio de Janeiro;-22.930305441439717;-43.17663238042602;5,0;4;644
10098310;Copacabana RJ, 150m da praia, quarto e sala, WIFI;Apartamento em Rio de Janeiro;entire_home;Rio de Janeiro;-22.96774;-43.183;4,84;45;227
639876320630242883;PAISSANDU CHARMOSA;Apartamento em Flamengo;entire_home;Flamengo;-22.93526;-43.176;4,93;27;445
38637280;Apt aconchegante no centro cultural  do RJ;Apartamento em Rio de Janeiro;entire_home;Rio de Janeiro;-22.90831;-43.17746;4,85;40;131
691503374329282877;Flat K- pr√≥x ao Jeunesse, Riocentro, Parq Ol√≠mpico;Apartamento em Rio de Janeiro;entire_home;Rio de Janeiro;-22.9629559;-43.3996707;5,0;12;167
11419671;3 quartos - Apto espa√ßoso - √ìtima localiza√ß√£o;Apartamento em Rio de Janeiro;entire_home;Rio de Janeiro;-22.92646;-43.17288;4,59;17;181
2686718;RAZ√ÉO DE ESTAR NO RIO... MARAVILHOSO APARTAMENTO!!;Apartamento em Copacabana;entire_home;Copacabana;-22.97319;-43.18697;4,93;58;360
765995490095229554;Apart Hotel deslumbrante praia Barra da Tijuca Rj.;Apartamento em Rio de Janeiro;entire_home;Rio de Janeiro;-23.01224;-43.32096;5,0;19;571
8014049;Flat em frente a praia da Barra;Apartamento em Rio de Janeiro;entire_home;Rio de Janeiro;-23.01103;-43.35371;4,7;90;452
1713671;Studio Loft em ponto nobre de Ipanema;Condom√≠nio em Rio de Janeiro;entire_home;Rio de Janeiro;-22.984304428100586;-43.20834732055664;4,72;302;406
42017797;Leblon: apartamento reformado a 2 passos do metr√¥;Apartamento em Leblon;entire_home;Leblon;-22.98354;-43.21605;4,89;65;306
27353618;Copacabana Top floor with balcony;Condom√≠nio em Copacabana;entire_home;Copacabana;-22.97533;-43.1889;4,93;55;450
8284316;Flat de frente para o mar com vista panor√¢mica.;Apartamento em Rio de Janeiro;entire_home;Rio de Janeiro;-23.03045;-43.47582;4,92;185;375
11986493;Apartamento moderno na praia do Flamengo;Apartamento em Rio de Janeiro;entire_home;Rio de Janeiro;-22.92866;-43.174;5,0;22;342
929849494728741439;Studio em Copacabana a 450m da Praia (BR 811/805);Apartamento em Rio de Janeiro;entire_home;Rio de Janeiro;-22.978046116168457;-43.19315309295868;;0;409
53682862;Mar do Sul - Charmoso 2 Quartos, com Varanda.;Apartamento em Copacabana;entire_home;Copacabana;-22.98774;-43.19025;5,0;19;675
39292067;M10 - Apto a 3 minutos da praia de Copacabana;Apartamento em Copacabana;entire_home;Copacabana;-22.97388;-43.18639;4,92;119;337
903627832346002480;Apartamento Praia Ipanema Jardim de Alah;Apartamento em Rio de Janeiro;entire_home;Rio de Janeiro;-22.9855166;-43.2149075;5,0;3;513
782858280631871075;Flat novo, reformado com servi√ßos √† beira mar.;Apartamento em Rio de Janeiro;entire_home;Rio de Janeiro;-22.9873035;-43.1906839;4,67;24;385
39882295;üá¨üáß üá¶üá∑ Flat in Rio Hi Tech c/ Vista ao Mar na Barra üåà;Apartamento em Rio de Janeiro ;entire_home;Rio de Janeiro ;-23.01038;-43.32861;5,0;78;507
727330380250303436;Studio Leblon;Apartamento em Rio de Janeiro;entire_home;Rio de Janeiro;-22.9835503;-43.223636;;0;333
2487809;2BD moderno no cora√ß√£o do Leblon;Apartamento em Rio;entire_home;Rio;-22.98479;-43.22292;4,93;40;579
44089133;"Praia de Botafogo - At√© 4 pessoas
Quadra da praia";Apartamento em Botafogo;entire_home;Botafogo;-22.94165;-43.17992;4,79;63;147
18020787;Excelente apartamento a beira-mar;Apartamento em Rio de Janeiro;entire_home;Rio de Janeiro;-23.00942;-43.36493;5,0;9;351
30508447;Lindo Apartamento no Cora√ß√£o de Copacabana;Apartamento em Rio de Janeiro ;entire_home;Rio de Janeiro ;-22.97267;-43.188;4,85;34;221
608912507175393444;Qto e Sala a 250m da Praia de Ipanema (TXM 77/102);Apartamento em Ipanema;entire_home;Ipanema;-22.9832727960595;-43.197769183428434;4,33;15;526
941328194526427895;Excelente im√≥vel  em Copacabana;Apartamento em Rio de Janeiro;entire_home;Rio de Janeiro;-22.97664;-43.19121;;0;209
40393703;IPANEMA | 2 quartos, jacuzzi privativa;Apartamento em Ipanema;entire_home;Ipanema;-22.98474;-43.1978;4,76;66;623
23356660;Confort√°vel Sala e Quarto Largo do Machado;Apartamento em Flamengo;entire_home;Flamengo;-22.93095;-43.1762;4,46;35;179
46492561;Moderno Flat Arpoador entre Ipanema e Copacabana;Condom√≠nio em Copacabana;entire_home;Copacabana;-22.98879;-43.19086;4,73;77;329
929115209259319407;Residencia familiar;Apartamento em Rio de Janeiro;entire_home;Rio de Janeiro;-22.9821507;-43.1958742;;0;282
4991490;Apart no Cora√ß√£o do Leblon Rec√©m Reformado;Apartamento em Rio de Janeiro;entire_home;Rio de Janeiro;-22.98275;-43.22428;4,79;168;658
12955100;Apartamento 3 quartos Recreio dos Bandeirantes;Condom√≠nio em Rio de Janeiro;entire_home;Rio de Janeiro;-23.00939;-43.43907;5,0;37;202
793853627820519551;Copa BeachLovers c/ estacionamento/Perto da praia;Apartamento em Rio de Janeiro;entire_home;Rio de Janeiro;-22.96806999520113;-43.186507270402;4,97;34;384
787816611882095244;Apartamento requintado para momentos felizes;Apartamento em Rio de Janeiro;entire_home;Rio de Janeiro;-22.974664571326045;-43.18984352052212;5,0;16;463
50743489;Omar do Rio: 2Qtos, Smart TV, 120mbps Internet, a 400m da praia de Copacabana e a 100m do Metr√¥ General Os√≥rio (SF 135/401);Apartamento em Copacabana;entire_home;Copacabana;-22.98166;-43.19439;4,64;42;561
48628481;Botafogo Attractive-c/Garagem e Metr√¥ aos seus P√©s;Apartamento em Botafogo;entire_home;Botafogo;-22.950926;-43.182919;4,98;50;330
42901617;√ìTIMO APARTAMENTO NA MELHOR √ÅREA DE IPANEMA.;Apartamento em Rio de Janeiro ;entire_home;Rio de Janeiro ;-22.98427;-43.20184;4,93;27;320
46416555;Lapa S401, Promo√ßao partir do 2 m√™s Consulte!;Apartamento em Centro;entire_home;Centro;-22.9188;-43.18755;4,76;17;139
939693212236484707;Est√∫dio em Copacabana com Vista Mar (MVC 15/1113);Apartamento em Rio de Janeiro;entire_home;Rio de Janeiro;-22.96447;-43.17518;;0;409
31413242;Lindo, Pratico e Confort√°vel  2 quartos, Flamengo;Apartamento em Flamengo;entire_home;Flamengo;-22.93065;-43.17785;5,0;12;431
47312391;Ipanema Perto De Tudo,confort√°vel, 300m praia,;Apartamento em Ipanema;entire_home;Ipanema;-22.9839;-43.19532;4,93;40;210
28457596;Apto frente para o Mar Praia de Copacabana *;Apartamento em Copacabana;entire_home;Copacabana;-22.96404;-43.16975;4,85;56;564
31315717;Copacabana Arpoador Silent, near  Ipanema Beach;Apartamento em Copacabana;entire_home;Copacabana;-22.98755;-43.19209;4,86;74;319
4638335;PR√ÅTICO QUARTO E SALA COMPLETO;Apartamento em Rio de Janeiro;entire_home;Rio de Janeiro;-22.92585;-43.17769;4,88;85;204
51672556;Lindo Apartamento Copacabana 1 quadra da praia;Apartamento em Copacabana;entire_home;Copacabana;-22.967091;-43.181953;4,95;81;392
49179;Studio vista mar Copacabana Rio;Apartamento em Rio de Janeiro;entire_home;Rio de Janeiro;-22.9791;-43.19008;4,8;141;237
10740337;Encantador 2 qtos/2 banh. no Leblon;Apartamento em Rio de Janeiro;entire_home;Rio de Janeiro;-22.98146;-43.22114;4,96;55;517
16135214;Duas su√≠tes no melhor de Ipanema + Vaga;Apartamento em Rio de Janeiro;entire_home;Rio de Janeiro;-22.98468708336674;-43.199996796676515;5,0;6;571
44252978;Apart-Hotel, 1 quarto, vista para a praia da Barra;Apartamento em Barra da Tijuca;entire_home;Barra da Tijuca;-23.00921;-43.34592;4,92;24;454
44352460;Flat Com Charme e Conforto Ipanema (Arpoador) 58;Quarto de hotel em Rio de Janeiro;entire_home;Rio de Janeiro;-22.98815;-43.19035;4,73;90;329
814411535602705300;Omar do Rio: Completo 2Qtos a 400m da Praia de Copacabana e 200m do Metr√¥ Cantagalo, c/ Internet 250mbps, Smart TV, Workstation e Garagem (GB 93/101);Apartamento em Rio de Janeiro;entire_home;Rio de Janeiro;-22.977236250603415;-43.19249252908951;5,0;7;630
548593806705098956;Flat decorado com piscina no Leblon;Apartamento em Leblon;entire_home;Leblon;-22.98232;-43.21743;4,58;12;490
52006045;Apartamento aconchegante em Copacabana.;Apartamento em Copacabana;entire_home;Copacabana;-22.96462;-43.17469;4,83;30;284
49463000;"""Casa Sweet Home Ipanema""";Apartamento em Ipanema;entire_home;Ipanema;-22.98157158931332;-43.200853006873494;4,92;88;629
26247779;Apartamento em frente a praia;Apartamento em Barra da Tijuca;entire_home;Barra da Tijuca;-23.01024;-43.32163;4,75;110;344
902121771247689599;Copa e Leme - √ìtima localiza√ß√£o;Apartamento em Rio de Janeiro;entire_home;Rio de Janeiro;-22.9634773;-43.1739033;;0;187
53814376;La Parada - Seu apartamento na praia de Botafogo;Apartamento em Rio de Janeiro;entire_home;Rio de Janeiro;-22.94645;-43.1839;4,97;33;287
32670083;Alugo por temporada apto mobiliado, na Gl√≥ria, RJ.;Apartamento em Gl√≥ria;entire_home;Gl√≥ria;-22.91714;-43.17799;4,78;105;133
41819817;Studio em Copa, Vista Mar - Localiza√ß√£o Fant√°stica;Apartamento em Copacabana;entire_home;Copacabana;-22.9791;-43.19027;4,96;55;287
31084831;Omar do Rio: Moderno Studio, Internet 120mbps + Smart TV, a 5 minutos das praias de Ipanema, Arpoador e Copacabana a 100 Metros do Metr√¥ (SL 363/214);Apartamento em Rio de Janeiro;entire_home;Rio de Janeiro;-22.98231;-43.19458;4,57;49;453
54260543;LE58 - Lindo apartamento no Leme!;Apartamento em Leme;entire_home;Leme;-22.96245;-43.17145;4,82;11;285
878392842281329610;Aconchego na praia.;Apartamento em Rio de Janeiro;entire_home;Rio de Janeiro;-22.9775792;-43.1908519;5,0;9;297
856565586111003922;Studio a 200m da Praia de Copacabana (PI 134/904);Apartamento em Rio de Janeiro;entire_home;Rio de Janeiro;-22.9639;-43.17503;;0;404
750008342440074296;Modern Apartment 400m from Copacabana Beach;Condom√≠nio em Rio de Janeiro;entire_home;Rio de Janeiro;-22.96251185783681;-43.176650404930115;5,0;6;395
909311745873174559;Ocapia204 | Copacabana Premium;Apartamento em Rio de Janeiro;entire_home;Rio de Janeiro;-22.98611;-43.18957;5,0;3;206
855968755952564834;Apt em p√ßa buc√≥lica da Tijuca.;Apartamento em Rio de Janeiro;entire_home;Rio de Janeiro;-22.932463746155474;-43.24484483285664;;0;130
790546852908433538;Omar do Rio: Moderno 2Qtos a 100m da Praia de Copacabana e 550m do Metr√¥ Cantagalo, c/ Internet 500mbps, Smart TV (AS 13/705);Apartamento em Rio de Janeiro;entire_home;Rio de Janeiro;-22.975583097234413;-43.18970379436357;4,75;8;561
44087361;Conforto e comodidade a poucos passos da praia;Apartamento em Copacabana;entire_home;Copacabana;-22.98603;-43.19002;5,0;30;506
686870822904663033;√ìtima Localiza√ß√£o de Botafogo ! FRENTE √Ä PRAIA !;Condom√≠nio em Rio de Janeiro;entire_home;Rio de Janeiro;-22.9463983;-43.1830906;;0;133
827579689636284228;Uma quadra da praia: √ìtimo apto claro e arejado;Apartamento em Rio de Janeiro;entire_home;Rio de Janeiro;-22.984145;-43.191366;4,4;10;194
44175839;Flat Charmoso, local excelente Ipanema Arpoador 06;Quarto de hotel em Rio de Janeiro;entire_home;Rio de Janeiro;-22.98812;-43.1899;4,72;68;329
852078235201284180;Espa√ßo Cora√ß√£o da Lapa;Apartamento em Rio de Janeiro;entire_home;Rio de Janeiro;-22.9137484;-43.1828566;5,0;4;160
554495451857360487;Atl√¢ntica Vista Mar com charme;Apartamento em Copacabana;entire_home;Copacabana;-22.978109;-43.189308;4,33;6;351
814499634518415333;Lindo Apartamento em Frente a Praia de Ipanema;Apartamento em Rio de Janeiro;entire_home;Rio de Janeiro;-22.9859453;-43.2085806;4,82;17;1348
46431043;Apartamento no Cora√ß√£o de Copacabana;Apartamento em Copacabana;entire_home;Copacabana;-22.98410987854004;-43.191890716552734;4,62;21;265
51817538;Incr√≠vel apart-hotel 1 quarto no Leblon com vaga;Apartamento em Rio de Janeiro;entire_home;Rio de Janeiro;-22.98369;-43.22348;4,9;62;872
38853237;Cobertura com terra√ßo privativo no Arpoador;Apartamento em Copacabana;entire_home;Copacabana;-22.98621;-43.19188;4,91;48;502
249323;Apartamento novo designer de praia;Apartamento em Rio de Janeiro;entire_home;Rio de Janeiro;-22.976;-43.18838;4,77;133;664
696135006514482057;Apto charmoso no cora√ß√£o de Copacabana;Apartamento em Rio de Janeiro;entire_home;Rio de Janeiro;-22.97077;-43.1853;5,0;20;336
901497170526070228;Apartamento Renascer;Apartamento em Rio de Janeiro;entire_home;Rio de Janeiro;-22.9680134;-43.1879147;5,0;3;214
52920346;M20 - Studio a 3 minutos da Praia de Copacabana;Apartamento em Rio de Janeiro;entire_home;Rio de Janeiro;-22.97324;-43.18573;4,96;68;374
587791339466287225;Moderno condo e 15 min caminhando ate a praia.;Condom√≠nio em Recreio dos Bandeirantes;entire_home;Recreio dos Bandeirantes;-23.02227;-43.4916;4,89;35;350
36412670;"""√îh Gl√≥ria!"" melhor localiza√ß√£o do bairro";Apartamento em Gl√≥ria;entire_home;Gl√≥ria;-22.91983;-43.17927;4,94;124;183
928084747385611361;Apto quarto e sala reformado;Apartamento em Rio de Janeiro;entire_home;Rio de Janeiro;-22.965494760063557;-43.17855140793456;;0;284
834036532464962645;Quarto su√≠te em apto compartilhado, reformado!;Quarto em Rio de Janeiro;private_room;Rio de Janeiro;-22.978397595748394;-43.19231763232741;5,0;13;229
795589335913428063;Apartamento em Copacabana;Apartamento em Rio de Janeiro;entire_home;Rio de Janeiro;-22.9745526;-43.1889914;4,89;18;341
748839905891551882;Est√∫dio no cora√ß√£o do Rio de Janeiro;Apartamento em Rio de Janeiro;entire_home;Rio de Janeiro;-22.91059404368312;-43.17743193358183;4,95;20;220
3185647;#Copacabana, Posto4, 2 quadras do mar com vista.;Apartamento em Rio;entire_home;Rio;-22.97087;-43.18778;4,38;61;236
43816926;Confort√°vel apartamento a 300m Praia Copacabana;Apartamento em Copacabana;entire_home;Copacabana;-22.98004;-43.19143;4,94;31;230
852043268932207400;Vista deslumbrante sobre o mar;Apartamento em Rio de Janeiro;entire_home;Rio de Janeiro;-22.96353805924101;-43.170865494454866;4,83;6;578
42355075;Omar do Rio: Moderno 2Qts, a 350m da Praia de Ipanema, 500m da Praia de Copacabana, Internet 500mbps + Smart TV e WorkStations (FS 95/202A);Apartamento em Copacabana;entire_home;Copacabana;-22.98466;-43.19263;4,82;57;871
44405420;Flat Com Arruma√ß√£o Pr√≥ximo da Praia de Copacabana;Quarto de hotel em Rio de Janeiro;entire_home;Rio de Janeiro;-22.98788;-43.19159;4,82;33;329
838243296456585543;Apto no Leblon pr√≥ximo √† praia;Apartamento em Rio de Janeiro;entire_home;Rio de Janeiro;-22.9858001;-43.2250358;4,9;10;918
939830236693313745;appartement vu sur la mer;Apartamento em Rio de Janeiro;entire_home;Rio de Janeiro;-22.961285978104954;-43.17407179623842;;0;225
657917023862161730;Lindo apto no melhor ponto de Copacabana;Condom√≠nio em Rio de Janeiro;entire_home;Rio de Janeiro;-22.9638559;-43.1767291;;0;411
13823201;Charmoso ap 2 qtos na Lagoa - perto Copa e Ipanema;Apartamento em Rio de Janeiro;entire_home;Rio de Janeiro;-22.96571;-43.20379;4,86;50;309
32991618;Apartamento inteiro, Flamengo pr√≥ximo ao metr√¥;Condom√≠nio em Flamengo;entire_home;Flamengo;-22.93451;-43.1762;4,8;103;209
746548279746092469;Apartamento confort√°vel na quadra da praia;Apartamento em Rio de Janeiro;entire_home;Rio de Janeiro;-22.96744;-43.18104;4,89;9;252
562833123629028278;Flat em frente a praia c vista para Pedra da G√°vea;Condom√≠nio em Barra da Tijuca;entire_home;Barra da Tijuca;-23.01552;-43.30444;4,94;34;556
52209018;VilaTijuca: 2 quartos (1 su√≠te) c/ vaga na garagem;Condom√≠nio em Vila Isabel;entire_home;Vila Isabel;-22.92224;-43.23927;4,96;25;517
754493324414879928;Apto 2Q, no melhor ponto do Leblon, linda vista!;Apartamento em Rio de Janeiro;entire_home;Rio de Janeiro;-22.9857715;-43.2281543;4,81;21;581
53796244;Duplex super bem localizado e completo em Ipanema;Apartamento em Ipanema;entire_home;Ipanema;-22.98426;-43.19993;4,8;15;276
704242989742793279;Omar do Rio: Moderno 2Qtos, a 100m da Praia de Copacabana e 300m do Metr√¥ Cardeal Arcoverde, c/ Internet 300mbps, Smart TV, Workstation e M√°quina Lava & Seca (NSC 386/1101);Apartamento em Rio de Janeiro;entire_home;Rio de Janeiro;-22.96775;-43.18159;4,9;10;561
908918074057782483;2 quartos perto Rio Centro;Apartamento em Rio de Janeiro;entire_home;Rio de Janeiro;-22.96639721594238;-43.408902548253536;4,75;4;164
54094980;Em frente ao metr√¥ e 2min at√© a praia de Ipanema;Apartamento em Ipanema;entire_home;Ipanema;-22.98517;-43.1973;;0;197
47967575;Ap√™ boutique c/ natureza- conveni√™ncia a seus p√©s;Apartamento em Barra da Tijuca;entire_home;Barra da Tijuca;-22.98839;-43.35464;5,0;48;554
53412945;Studio Copacabana, melhor localiza√ß√£o, reformado!;Apartamento em Copacabana;entire_home;Copacabana;-22.96205;-43.17483;4,96;84;332
9310358;Tranquilidade em Copacabana;Apartamento em Rio de Janeiro;entire_home;Rio de Janeiro;-22.97067;-43.19139;4,71;21;260
735709672448310951;Ap√™ Copa Clara;Apartamento em Rio de Janeiro;entire_home;Rio de Janeiro;-22.9639;-43.17357;5,0;20;377
13966796;Apartamento em Copacabana Beach;Apartamento em Rio de Janeiro;entire_home;Rio de Janeiro;-22.97037;-43.18715;4,77;121;380
690662200639266711;Copa Max - Conforto, Exclusividade e Praia;Apartamento em Rio de Janeiro;entire_home;Rio de Janeiro;-22.97837;-43.19062;4,67;6;327
546328891297982459;Nosso Casulo (Centro/Lapa/Samb√≥dromo);Apartamento em Centro;entire_home;Centro;-22.911789;-43.189644;4,96;28;192
50307577;Flat Arpoador com Garagem e √ìtima Localiza√ß√£o.;Quarto de hotel em Copacabana;entire_home;Copacabana;-22.98842;-43.19135;4,76;71;329
40693996;Apartamento inteiro pr√≥ximo da Lapa997997;Apartamento em Centro;entire_home;Centro;-22.91405;-43.18681;4,99;87;186
47829712;Rio Rentals 021 - C011 Studio de luxo com vista para o mar de Copacabana;Apartamento em Copacabana;entire_home;Copacabana;-22.96386;-43.17499;4,49;81;396
10093904;Art Deco em Copacabana;Apartamento em Rio de Janeiro;entire_home;Rio de Janeiro;-22.96685;-43.18365;4,92;59;574
607841182044578762;Flat encantador na praia com piscina;Apartamento em Barra da Tijuca;entire_home;Barra da Tijuca;-23.00954;-43.35495;4,71;14;507
39893452;Experi√™ncia perfeita: Vista ao Mar Barramares LUXO;Condom√≠nio em Rio de Janeiro;entire_home;Rio de Janeiro;-23.00964516341843;-43.32726430005297;4,96;26;585
32546314;Vista de CINEMA PRAIA Barra da Tijuca 50m da AREIA;Apartamento em Barra da Tijuca;entire_home;Barra da Tijuca;-23.00997;-43.36392;4,71;107;610
700846085982611643;Apartamento Super aconchegante em Copacabana;Apartamento em Rio de Janeiro;entire_home;Rio de Janeiro;-22.97216;-43.18796;5,0;16;275
796572224085667777;Lugar ideal em Copacabana quarto e sala de verdade;Apartamento em Rio de Janeiro;entire_home;Rio de Janeiro;-22.9641496;-43.178531;4,63;8;210
684833260529202112;Resort na Lapa apartamento de 2 quartos!;Apartamento em Rio de Janeiro;entire_home;Rio de Janeiro;-22.91523;-43.18318;4,9;29;371
30004877;COPACABANA SIQUEIRA CAMPOS Conforto;Apartamento em Copacabana;entire_home;Copacabana;-22.96524;-43.18665;4,77;13;193
1688152;Quarto-Sala Copacabana, pr√°tico e aconchegante;Apartamento em Rio;entire_home;Rio;-22.964065551757812;-43.1916618347168;4,77;39;207
54077973;Apartamento Copacabana praia 2 minutos;Apartamento em Copacabana;entire_home;Copacabana;-22.97007;-43.18644;4,51;35;196
628988219871433179;Flamengo vaga estacionamento a 1 quadra do metr√¥;Condom√≠nio em Flamengo;entire_home;Flamengo;-22.93509;-43.17639;4,88;24;230
47161448;Lindo, equipado, aconchegante e bem localizado!;Apartamento em Botafogo;entire_home;Botafogo;-22.94432;-43.18309;4,9;40;397
563072895004299389;Omar do Rio: Studio moderno, com vista p/ Cristo Redentor, a 200m da Praia de Botafogo, Internet 500mbps, M√°quina Lava & Seca (PB 316/934);Apartamento em Botafogo;entire_home;Botafogo;-22.94572;-43.18383;4,48;25;503
807277189823052614;Cobertura no Recreio / RJ;Apartamento em Rio de Janeiro;entire_home;Rio de Janeiro;-23.0252043;-43.483761;;0;359
29081163;Lugar de praia de luxo;Condom√≠nio em Recreio dos Bandeirantes;entire_home;Recreio dos Bandeirantes;-23.02037;-43.51277;4,86;35;274
2113223;Apto de 2 Qtos  Laranjeiras Lgo do Machado;Condom√≠nio em Rio de Janeiro;entire_home;Rio de Janeiro;-22.93158;-43.17943;4,97;69;241
934873846139177985;Qto&Sala a 220m da Praia de Copacabana (RP 95/304);Apartamento em Rio de Janeiro;entire_home;Rio de Janeiro;-22.985412457817468;-43.19234967315677;;0;453
941201371588269999;Ap 2 Su√≠tes - Flamengo, Qd Praia;Apartamento em Rio de Janeiro;entire_home;Rio de Janeiro;-22.9305871;-43.1757079;;0;238
45960025;Flat Ipanema (Arpoador) Excelente Localiza√ß√£o;Quarto de hotel em Ipanema;entire_home;Ipanema;-22.98768;-43.18976;4,76;59;303
53667393;A quitinete que nunca viu igual. Experimente!;Apartamento em Copacabana;entire_home;Copacabana;-22.97146;-43.18471;4,85;26;286
794182322311632952;Lindo Apartamento no Arpoador rec√©m reformado;Apartamento em Rio de Janeiro;entire_home;Rio de Janeiro;-22.986348530958313;-43.19446665986424;4,96;23;1425
32568947;Charmoso apartamento no Horto/Jardim Bot√¢nico;Apartamento em Jardim Bot√¢nico;entire_home;Jardim Bot√¢nico;-22.96488;-43.23151;5,0;7;344
874148551856712465;Mar Doce Lar;Apartamento em Rio de Janeiro;entire_home;Rio de Janeiro;-22.97824586425509;-43.1899217003178;;0;341
810241896079683540;Pr√≥x Parque Ol√≠mpico/Rio Centro(Bienal do livro);Apartamento em Rio de Janeiro;entire_home;Rio de Janeiro;-22.9679008;-43.3974426;4,75;4;299
11777053;Apartamento Retrofit Design no Flamengo;Apartamento em Rio de Janeiro;entire_home;Rio de Janeiro;-22.92825;-43.17539;4,96;116;551
9642367;Ipanema Quiet and Comfortable;Apartamento em Ipanema;entire_home;Ipanema;-22.98116683959961;-43.2000846862793;4,91;148;635
54165282;Mountain View 2 Bed Flat Flamengo;Apartamento em Flamengo;entire_home;Flamengo;-22.93973;-43.17384;5,0;11;284
54199714;FLAT ENCANTADOR FRENTE MAR JUNTO √Ä OLEG√ÅRIO MACIEL;Apartamento em Barra da Tijuca;entire_home;Barra da Tijuca;-23.01412;-43.3039;5,0;55;707
53957980;Apartamento Moderno & Confort√°vel  no Flamengo;Apartamento em Flamengo;entire_home;Flamengo;-22.932098;-43.17709;4,97;37;360
569571840347109638;Apartamento Centro do Rio de Janeiro;Apartamento em Centro;entire_home;Centro;-22.905289;-43.180664;;0;91
588542287736162838;Apartamento acolhedor pr√≥ximo √† praia da Barra;Apartamento em Barra da Tijuca;entire_home;Barra da Tijuca;-23.00547;-43.33041;5,0;13;378
797597187502290706;Apto Conceito na G√°vea!;Apartamento em Rio de Janeiro;entire_home;Rio de Janeiro;-22.980367121888886;-43.23087803138917;4,93;14;254
619283454025183138;Omar do Rio: Quarto e Sala a 150m da Praia de Copacabana, 550m da esta√ß√£o Cardeal Arcoverde c/ Internet 250mbps e Smart TV (PJ 145/1106);Apartamento em Copacabana;entire_home;Copacabana;-22.96457;-43.17427;4,62;13;404
568150228281283133;Apto06 Copacabana 200mt da praia;Apartamento em Copacabana;entire_home;Copacabana;-22.97957;-43.1908;4,58;31;280
38724165;Omar do Rio: Studio Moderno, Internet 240mbps, Smart TV a 05 minutos das Praias de Ipanema, Copacabana e Arpoador, 100metros do Metr√¥ General Os√≥rio (BC 530/703);Apartamento em Rio de Janeiro;entire_home;Rio de Janeiro;-22.98251;-43.19312;4,65;66;404
41622263;Monsieur LeBlond: confort√°vel flat com garagem!;Condom√≠nio em Leblon;entire_home;Leblon;-22.98284;-43.2238;4,75;100;1215
21514235;Apartamento aconchegante no cora√ß√£o de Ipanema.;Apartamento em Ipanema;entire_home;Ipanema;-22.98359;-43.20461;4,9;107;464
47079670;Apartamento solar na quadra da praia do Leme;Apartamento em Leme;entire_home;Leme;-22.96262;-43.17152;4,82;34;301
30323638;Omar do Rio: Espa√ßoso Qto&Sala, Internet 240mbps + Smart TV, pr√≥ximo ao famoso Pav√£o Azul, a Praia de Copacabana e do Metr√¥ (HG 71/904);Apartamento em Rio de Janeiro;entire_home;Rio de Janeiro;-22.96667;-43.18541;4,53;36;404
44405296;Flat com charme e conforto em Ipanema (Arpoador)05;Quarto de hotel em Rio de Janeiro;entire_home;Rio de Janeiro;-22.98769;-43.19158;4,81;52;329
44362295;Gl√≥ria, 15 minutos para Copacabana.;Apartamento em Gl√≥ria;entire_home;Gl√≥ria;-22.92025;-43.18123;4,86;91;173
3074520;apart beach rio design leblon RJ.B;Apartamento em Rio;entire_home;Rio;-22.98278;-43.21964;4,75;331;390
26036408;Ipanema A√ßa√≠;Apartamento em Ipanema;entire_home;Ipanema;-22.98305;-43.21011;4,29;35;324
780573363259645290;Complet√≠ssimo e reformado HIUS su√≠te;Apartamento em Rio de Janeiro;entire_home;Rio de Janeiro;-22.96715;-43.17705;5,0;3;425
8552885;vista panor√¢mica espetacular da praia de Copacabana;Apartamento em Rio de Janeiro;entire_home;Rio de Janeiro;-22.98165;-43.18942;4,82;72;486
691383610880747937;M50 - Studio a 3 minutos da praia de Copacabana;Apartamento em Rio de Janeiro;entire_home;Rio de Janeiro;-22.9735;-43.18589;4,75;32;303
53430435;Apartamento Studio reformado - Flamengo;Loft em Flamengo;entire_home;Flamengo;-22.93852;-43.17612;4,84;31;187
47987115;Apartamento acolhedor no cora√ß√£o de Botafogo;Apartamento em Botafogo;entire_home;Botafogo;-22.94869;-43.18918;5,0;8;265
4875052;"#COPA LUXO 1 QUARTO
500Mb de internet";Apartamento em Rio de Janeiro;entire_home;Rio de Janeiro;-22.97356;-43.18754;4,8;120;351
816119121379282604;AP silencioso em Copacabana;Apartamento em Rio de Janeiro;entire_home;Rio de Janeiro;-22.972936692396782;-43.18868830247417;4,89;18;326
32108537;O melhor lugar no Pontal Oce√¢nico  - Maui;Condom√≠nio em Rio de Janeiro;entire_home;Rio de Janeiro;-23.02335;-43.51233;5,0;24;397
53938413;Loft excelente/muito bem localizado em Copacabana!;Loft em Copacabana;entire_home;Copacabana;-22.966034;-43.177425;4,94;63;305
628704066633037536;Apartamento em Copacabana;Apartamento em Copacabana;entire_home;Copacabana;-22.96783;-43.18061;4,97;35;228
781003833926463822;Resid√™ncias Villa Del Sol;Apartamento em Rio de Janeiro;entire_home;Rio de Janeiro;-23.0304661;-43.4760283;4,83;23;377
4398942;Flat em resort beira mar - Pontal;Apartamento em Rio de Janeiro;entire_home;Rio de Janeiro;-23.03038;-43.47204;4,8;132;344
911494935703259793;SugarLoaf (1km far) +Laundry+Air+Garage+500mb wifi;Apartamento em Rio de Janeiro;entire_home;Rio de Janeiro;-22.95201570441876;-43.17604924578525;5,0;3;340
10846794;Barra Beach - Seat 4;Apartamento em Rio de Janeiro;entire_home;Rio de Janeiro;-23.0109;-43.327;4,82;71;640
694037012894655121;LEBLON CUPUA√áU;Apartamento em Rio de Janeiro;entire_home;Rio de Janeiro;-22.98263;-43.22486;4,91;22;584
46098344;Espa√ßoso 3Q no cora√ß√£o de Ipanema;Apartamento em Ipanema;entire_home;Ipanema;-22.98623;-43.2042;4,7;50;724
792148275037668943;Recreio Mar / ao lado da praia.;Apartamento em Rio de Janeiro;entire_home;Rio de Janeiro;-23.024632900000004;-43.4583513447052;4,88;16;331
697757817789510666;Ap novo, completo, a p√© praia, √°rea verde e seguro;Apartamento em Rio de Janeiro;entire_home;Rio de Janeiro;-23.005401469131932;-43.34967226085204;5,0;31;393
49092586;Lindo apartamento a 100m da praia recreio;Apartamento em Rio de Janeiro;entire_home;Rio de Janeiro;-23.03055;-43.47513;4,67;67;243
607140030956221786;Posto 5. A uma quadra da praia. Vista lateral;Apartamento em Copacabana;entire_home;Copacabana;-22.97787;-43.19166;5,0;32;236
9935612;Deslumbrante Vista da Praia de Copacabana;Apartamento em Rio de Janeiro;entire_home;Rio de Janeiro;-22.96554;-43.175388;4,89;142;433
765316183894566307;Lindo Apt na praia de Botafogo.;Apartamento em Rio de Janeiro;entire_home;Rio de Janeiro;-22.948059;-43.1826984;4,89;9;281
2829531;Leblon, conforto ao lado da praia.;Condom√≠nio em Rio;entire_home;Rio;-22.98697;-43.22718;5,0;39;765
53431305;Loft,  reformado, no melhor ponto de Copacabana.;Loft em Copacabana;entire_home;Copacabana;-22.98237;-43.19211;4,94;33;262
40987047;Aconchego de Laranjeiras;Apartamento em Laranjeiras;entire_home;Laranjeiras;-22.93446;-43.18685;5,0;20;283
729565008445102126;Leblon cl√°ssico, entre o mar e a lagoa;Apartamento em Rio de Janeiro;entire_home;Rio de Janeiro;-22.9835236;-43.2164696;4,8;15;473
46643351;Loft in Rio.byFla Equipado e Perto de Tudo.;Apartamento em Rio de Janeiro;entire_home;Rio de Janeiro;-22.93456;-43.1771;4,94;33;229
638561818930702405;Apartamento frente √† praia da Barra da Tijuca;Apartamento em Barra da Tijuca;entire_home;Barra da Tijuca;-23.010279;-43.365223;4,36;14;365
582755782139993512;Apartamento moderno pr√≥ximo √† praia de Ipanema;Apartamento em Ipanema;entire_home;Ipanema;-22.98308;-43.20123;4,84;43;516
815826222101331143;apartamento inteiro com 1 Su√≠te  barra da tijuca;Apartamento em Rio de Janeiro;entire_home;Rio de Janeiro;-23.006600151611277;-43.340934280163836;5,0;4;314
9316004;Casa Colonial na G√°vea 2;Casa em Rio de Janeiro;entire_home;Rio de Janeiro;-22.97377;-43.22766;4,84;83;364
704237501595287084;Apto aconchegante com balsa que deixa na praia;Condom√≠nio em Rio de Janeiro;entire_home;Rio de Janeiro;-23.00995;-43.42884;4,88;24;289
840014779844345698;Vista parcial do P√£o de A√ß√∫car;Apartamento em Rio de Janeiro;entire_home;Rio de Janeiro;-22.9271259;-43.1738086;4,5;6;226
591128694199813702;Condominio apartamento com piscina e sauna;Condom√≠nio em Barra da Tijuca;entire_home;Barra da Tijuca;-23.00162;-43.35061;4,79;39;356
50096596;Laranjeiras com Estacionamento, Piscina e Academia;Condom√≠nio em Laranjeiras;entire_home;Laranjeiras;-22.93261;-43.18546;4,68;19;257
686807189047302319;Apartamento tranquilo de localiza√ß√£o privilegiada.;Condom√≠nio em Rio de Janeiro;entire_home;Rio de Janeiro;-22.99673;-43.37805;4,7;20;230
941320269642287857;Studio na Praia de Botafogo e vista para o Cristo;Apartamento em Rio de Janeiro;entire_home;Rio de Janeiro;-22.94849574682631;-43.18259820342064;;0;248
43054703;Paz e Tranquilidade na Urca!!!;Apartamento em Urca;entire_home;Urca;-22.94515;-43.16236;4,93;43;419
770826172933387178;Apartamento com vista para Copacabana;Apartamento em Rio de Janeiro;entire_home;Rio de Janeiro;-22.9758844;-43.1884688;;0;262
13206303;Pepezinho Oceanview;Apartamento em Rio de Janeiro;entire_home;Rio de Janeiro;-23.01462;-43.30624;4,72;46;410
614647027666266915;APARTAMENTO LEME √† 100m da praia;Apartamento em Leme;entire_home;Leme;-22.963612;-43.171837;4,95;19;397
38726161;Parque Ol√≠mpico/Arena Jeunesse/Rio Centro;Condom√≠nio em Jacarepagu√°;entire_home;Jacarepagu√°;-22.97059;-43.3905;4,94;33;331
17151683;ilive004;Apartamento em Rio de Janeiro;entire_home;Rio de Janeiro;-22.9849;-43.19568;4,74;34;579
852900198645139176;Loft na melhor quadra do Leblon.;Apartamento em Rio de Janeiro;entire_home;Rio de Janeiro;-22.98188;-43.22048;5,0;6;324
46229908;Flat completo com cozinha, vaga e piscina liberada;Apartamento em Barra da Tijuca;entire_home;Barra da Tijuca;-22.96994;-43.38814;4,9;92;250
2560321;Luxury 2 Suites In Copacabana Beach;Apartamento em Rio de Janeiro;entire_home;Rio de Janeiro;-22.96636;-43.17355;4,9;186;561
841145423657053652;Omar do Rio: Moderno 2Qtos a 350m da Praia de Ipanema, 120m do Metr√¥ General Os√≥rio, c/ Internet 250mbps, SmartTV, Workstation, Garagem (BT 82/301);Apartamento em Rio de Janeiro;entire_home;Rio de Janeiro;-22.98212683565764;-43.19918281793715;4,0;3;596
10751409;Studio privado em amplo jardim com piscina;Su√≠te de h√≥spedes em Rio de Janeiro;entire_home;Rio de Janeiro;-22.91518;-43.19149;4,94;253;276
54037378;Apartamento aconchegante e charmoso perto do metr√¥ e da Lapa;Apartamento em Gl√≥ria;entire_home;Gl√≥ria;-22.91988754272461;-43.17947006225586;4,84;45;249
613062329635904267;Flat no cora√ß√£o de Ipanema;Apartamento em Ipanema;entire_home;Ipanema;-22.98617;-43.19963;4,88;41;602
704386326733787881;Studio aconchegante Copacabana Posto 4 - acomoda 4;Apartamento em Rio de Janeiro;entire_home;Rio de Janeiro;-22.97408;-43.1908;4,67;6;240
863117739943475536;Melhor Casa de Copacabana;Casa em Rio de Janeiro;entire_home;Rio de Janeiro;-22.96128805847741;-43.17598559685931;4,75;4;169
658429305237130502;Flat Praia do Pontal Beira Mar;Apartamento em Rio de Janeiro;entire_home;Rio de Janeiro;-23.0304661;-43.4760283;4,93;55;330
10982864;Apto 2 quartos na Praia Barra da Tijuca;Apartamento em Rio de Janeiro;entire_home;Rio de Janeiro;-23.00972;-43.34434;4,79;42;484
4647627;IPANEMA - COMFORTABLE and  COZY;Apartamento em Rio de Janeiro;entire_home;Rio de Janeiro;-22.98311;-43.19777;4,74;81;386
901471337971019306;Apartamento na Praia de Botafogo;Apartamento em Rio de Janeiro;entire_home;Rio de Janeiro;-22.94153822307322;-43.17627826743914;5,0;7;453
32315193;Leme/Copa - Est√∫dio aconchegante a 5 minutos da praia.;Condom√≠nio em Rio de Janeiro ;entire_home;Rio de Janeiro ;-22.9646;-43.1726;4,73;59;196
53404265;Apartamento em Copacabana - Posto 5;Apartamento em Copacabana;entire_home;Copacabana;-22.978807;-43.190331;4,97;30;485
679376709486065240;design de copa;Apartamento em Rio de Janeiro;entire_home;Rio de Janeiro;-22.96741;-43.18333;4,79;14;291
942761249642350089;Ap√™/V. Militar/Deodoro/UNIFA/EsSLog/Metr√¥/Maracan√£;Apartamento em Rio de Janeiro;entire_home;Rio de Janeiro;-22.843015815679603;-43.35926815580387;;0;111
53571495;APt¬∫ perto Westshoping com garagem coberta/250 Mb;Apartamento em Rio de Janeiro;entire_home;Rio de Janeiro;-22.884123858977024;-43.569839335647075;;0;132
932818761901832361;Apartamento clean no Leblon;Apartamento em Rio de Janeiro;entire_home;Rio de Janeiro;-22.978892773079405;-43.22410061957397;;0;361
651386978375943090;Apartamento encantador no melhor  Flamengo;Condom√≠nio em Flamengo;entire_home;Flamengo;-22.93788;-43.17528;4,89;9;285
27600749;Apartamento em Copacabana;Apartamento em Copacabana;entire_home;Copacabana;-22.96454;-43.17416;4,96;89;295
13665762;Condominio Resort na Barra da Tijuca;Apartamento em Rio de Janeiro;entire_home;Rio de Janeiro;-22.99828;-43.34713;4,94;116;380
22431446;Pert√≠ssimo da praia, vizinho do Othon Hotel;Apartamento em Copacabana;entire_home;Copacabana;-22.97765;-43.19028;4,93;95;366
585426678386481033;Copacabana Posto 6 pr√≥ximo ao Arpoador;Apartamento em Copacabana;entire_home;Copacabana;-22.98751;-43.19039;4,83;52;340
48006614;O B√°sico Luxuoso no cora√ß√£o de Copacabana;Apartamento em Copacabana;entire_home;Copacabana;-22.96807;-43.18764;4,7;57;253
684669987710056301;Est√∫dio Luxo - Ipanema/RJ;Apartamento em Rio de Janeiro;entire_home;Rio de Janeiro;-22.9837065;-43.1995937;4,86;14;651
675190753914751260;Pr√≥ximo √† praia do Flamengo, voc√™ perto de tudo!;Apartamento em Rio de Janeiro;entire_home;Rio de Janeiro;-22.93533;-43.17676;4,71;21;279
18411569;LINDO STUDIO C/WI-FI NO CORA√á√ÉO DE COPACABANA;Apartamento em Rio de Janeiro;entire_home;Rio de Janeiro;-22.9623;-43.17754;4,65;110;185
900676457210746325;Flat Design no Cora√ß√£o do Leblon;Apartamento em Rio de Janeiro;entire_home;Rio de Janeiro;-22.9853277;-43.2218373;5,0;4;559
669552290286821790;Excelente Apartamento Ipanema;Apartamento em Rio de Janeiro;entire_home;Rio de Janeiro;-22.9841418;-43.203935;4,9;10;346
920470393906832172;J√∫nior Lapa RJ, Studio local nobre, Bairro F√°tima;Apartamento em Rio de Janeiro;entire_home;Rio de Janeiro;-22.91658886757703;-43.1883455067873;;0;201
587398941433710747;1 quarto a uma quadra da praia de Copacabana;Apartamento em Copacabana;entire_home;Copacabana;-22.97289;-43.18892;4,57;7;274
46336719;apto no melhor bairro bonito e seguro do Rio;Apartamento em Barra da Tijuca;entire_home;Barra da Tijuca;-22.98669;-43.35732;4,88;24;491
921008309896565966;Venha curtir Copacabana!;Loft em Rio de Janeiro;entire_home;Rio de Janeiro;-22.972699;-43.1913971;;0;170
912350605725308489;Lindo 2Qtos a 350m da Praia de Ipanema (BT 82/207);Apartamento em Rio de Janeiro;entire_home;Rio de Janeiro;-22.982340374713075;-43.1992939886697;;0;871
47267124;APARTAMENTO CHARMOSO A UMA QUADRA DA PRAIA;Apartamento em Copacabana;entire_home;Copacabana;-22.97325;-43.18564;5,0;45;440
53004418;Apto Barra da Tijuca - Frente √† Praia - Posto 6;Apartamento em Rio de Janeiro;entire_home;Rio de Janeiro;-23.01068;-43.34361;4,87;62;591
910261209419116456;Flat frontal mar;Apartamento em Rio de Janeiro;entire_home;Rio de Janeiro;-23.0097919;-43.3542152;4,86;7;496
6464482;Flat Frontal Mar P√© na areia em praia paradis√≠aca;Apartamento em Recreio dos Bandeirantes;entire_home;Recreio dos Bandeirantes;-23.03054;-43.47603;4,94;149;453
12241664;COPA MAR - na quadra praia;Loft em Rio de Janeiro;entire_home;Rio de Janeiro;-22.96441;-43.17505;4,79;160;312
17646772;Princesa de Copacabana-Elegante vista para o mar;Apartamento em Rio de Janeiro;entire_home;Rio de Janeiro;-22.96483;-43.17368;4,75;68;261
52455998;Melhor ponto do Leblon e do Rio/500m da praia;Apartamento em Leblon;entire_home;Leblon;-22.984942607243823;-43.22976798190121;5,0;46;398
712052830705453932;Apartamento 2 qts aconchegante no cora√ß√£o do RJ.;Apartamento em Rio de Janeiro;entire_home;Rio de Janeiro;-22.89196;-43.22097;4,88;16;154
852226587134460306;Moderno 2Qtos a 350m da Praia de Copa (SF 135/604);Apartamento em Rio de Janeiro;entire_home;Rio de Janeiro;-22.980988540695968;-43.192416837867455;5,0;3;573
29286451;Apartamento em Copacabana (1 quadra da praia);Apartamento em Copacabana;entire_home;Copacabana;-22.9803;-43.19027;4,68;50;210
937507581664422597;Apto Recreio com √°rea de lazer;Apartamento em Rio de Janeiro;entire_home;Rio de Janeiro;-23.024196411856533;-43.509647715693085;;0;334
2306767;Est√∫dio na Praia de Copacabana;Apartamento em Rio;entire_home;Rio;-22.96477;-43.17605;4,68;158;233
38894016;Apartamento condom√≠nio Barra Bonita / PuertoMadero;Condom√≠nio em Recreio dos Bandeirantes;entire_home;Recreio dos Bandeirantes;-23.02204;-43.48922;4,73;98;261
7475917;STUDIO no LEME / COPACABANA;Apartamento em Rio de Janeiro;entire_home;Rio de Janeiro;-22.96266;-43.17039;4,53;43;219
53260544;Lindo studio Av Atl√¢ntica com Rua Miguel Lemos .;Apartamento em Copacabana;entire_home;Copacabana;-22.97811;-43.18931;4,75;16;327
818662099520986100;T√£o perto da Praia de Copacabana;Apartamento em Rio de Janeiro;entire_home;Rio de Janeiro;-22.97143;-43.1855;4,67;3;285
680431127199438547;Est√∫dio funcional e confort√°vel no Flamengo;Apartamento em Rio de Janeiro;entire_home;Rio de Janeiro;-22.93526;-43.17625;5,0;35;342
572676610862017078;Apto com quintal praia de Botafogo;Apartamento em Rio de Janeiro;entire_home;Rio de Janeiro;-22.9411821;-43.1809626;5,0;32;357
907339374024251456;Ap. Copacabana ao lado da Praia;Apartamento em Rio de Janeiro;entire_home;Rio de Janeiro;-22.9665008;-43.1796706;;0;195
731767386793588578;Novo e Lindo. Ao lado do Cristo, Iluminado Apto de 2 quartos, wi fi, cozinha completa, piscina, academia e faz tudo a p√©;Apartamento em Rio de Janeiro;entire_home;Rio de Janeiro;-22.93158;-43.18126;4,68;19;357
746907917554138814;Apto Flat Midas na Via Ol√≠mpica Encantador;Apartamento em Rio de Janeiro;entire_home;Rio de Janeiro;-22.96295;-43.39967;4,54;13;166
53850215;Apartamento encantador em Copacabana;Apartamento em Copacabana;entire_home;Copacabana;-22.97972;-43.19131;4,86;29;203
748402483517641455;Moderno dois quartos em Ipanema;Condom√≠nio em Rio de Janeiro;entire_home;Rio de Janeiro;-22.9853279;-43.2002159;4,84;19;1000
669489287609658683;Lindo studio na melhor localiza√ß√£o  do Leblon;Apartamento em Rio de Janeiro;entire_home;Rio de Janeiro;-22.983;-43.22205;4,96;50;380
14155271;Ap√™ na cara do Gol! Maracan√£ - UERJ;Apartamento em Rio de Janeiro;entire_home;Rio de Janeiro;-22.90693;-43.24286;4,87;143;252
3050945;"#Near Beach, View of ""Cristo Redentor""";Apartamento em Flamengo;entire_home;Flamengo;-22.93202;-43.17793;4,61;123;219
2980032;Amplo e silencioso, cora√ß√£o do Rio.;Apartamento em Rio;entire_home;Rio;-22.91431;-43.18893;4,93;29;164
39675072;Cores da Lapa: moderno e confort√°vel at√© 4pax;Condom√≠nio em Centro;entire_home;Centro;-22.913776397705078;-43.18339538574219;4,96;25;339
32516221;APARTAMENTO DE FRENTE PARA A PRAIA DE COPACABANA!!;Apartamento em Copacabana;entire_home;Copacabana;-22.96248;-43.16529;4,83;29;516
912117695221672529;Luxo e Conforto perto da Praia da Ipanema e Copa;Apartamento em Rio de Janeiro;entire_home;Rio de Janeiro;-22.984588429307028;-43.19296261534424;5,0;3;587
31126412;Apartamento inteiro de dois quartos no cora√ß√£o de Copacabana;Apartamento em Copacabana;entire_home;Copacabana;-22.96613;-43.18124;4,94;18;440
16570356;Ipanema_amplo apartamento de 1 quarto;Apartamento em Rio de Janeiro;entire_home;Rio de Janeiro;-22.98449;-43.19468;4,88;69;248
607065677927561759;Apto Moderno & Confort√°vel  no Largo do Machado #2;Apartamento em Catete;entire_home;Catete;-22.930387;-43.179428;5,0;45;357
752303267676843943;Loft moderno e aconchegante no Leblon;Loft em Rio de Janeiro;entire_home;Rio de Janeiro;-22.9827473;-43.22603549999999;4,9;39;615
15050224;Ipanema Palace_406I_ Ar, WiFi, piscina, academia, vaga;Apartamento em Ipanema;entire_home;Ipanema;-22.98341;-43.19949;4,89;27;385
753129380377501966;Loft encantador em Copacabana;Loft em Rio de Janeiro;entire_home;Rio de Janeiro;-22.9611556;-43.1749054;5,0;6;336
23074798;Cores da Lapa perto do Turismo no Rio com piscina!;Apartamento em Centro;entire_home;Centro;-22.91482;-43.18211;4,77;39;347
892042584520887834;Apartamento Praia Vista Mar Copacabana e Leme;Apartamento em Rio de Janeiro;entire_home;Rio de Janeiro;-22.96349;-43.17528;4,13;8;222
36962745;APTO perto Riocentro/15 min Parque Olimpico/Projac;Apartamento em Jacarepagu√°;entire_home;Jacarepagu√°;-22.98210334777832;-43.424434661865234;5,0;27;161
21139750;Apto|Minha Praia Residencial Clube|Barra da Tijuca;Condom√≠nio em Rio de Janeiro;entire_home;Rio de Janeiro;-22.96703;-43.39711;4,78;24;280
19467840;Ipanema a 5 min da Praia, entre Arpoador e Leblon;Apartamento em Ipanema;entire_home;Ipanema;-22.98608;-43.19657;4,85;206;417
53289387;LEBLON A√áA√ç;Apartamento em Leblon;entire_home;Leblon;-22.98409;-43.22142;4,77;39;585
797830122360948821;BarraTijuca-2qts,praia, shoppings,Wi-Fi,ar,tv,lavad;Apartamento em Rio de Janeiro;entire_home;Rio de Janeiro;-23.0045623;-43.3482105;;0;350
776979378028231122;Apartamento c/ vista Copacabana;Apartamento em Rio de Janeiro;entire_home;Rio de Janeiro;-22.9649988;-43.1754618;4,68;19;394
590589915229712325;Charmoso loft  reformado centro do RJ (Cinel√¢ndia);Loft em Centro;entire_home;Centro;-22.91162;-43.17687;4,82;33;193
784825370346809486;Lindo apart 2 quartos vista para Cristo! Botafogo;Apartamento em Rio de Janeiro;entire_home;Rio de Janeiro;-22.9525656;-43.1897724;5,0;10;482
763051409959136945;Apartamento grande e encantador de dois quartos.;Apartamento em Rio de Janeiro;entire_home;Rio de Janeiro;-22.985522301931177;-43.19247543811798;4,75;4;416
41483784;Apto Inteiro Muito Bem Localizado Pr√≥ximo da Praia;Condom√≠nio em Barra da Tijuca;entire_home;Barra da Tijuca;-23.0079;-43.31783;4,72;36;318
803737618322634598;Botafogo Jatob√°;Apartamento em Rio de Janeiro;entire_home;Rio de Janeiro;-22.955760541029033;-43.17870832052518;4,9;10;365
